Variant Phenotype,g. or m.,Type of Variant,Gene,Chr.,Reference Sequence,variant_description,start,end,mutation
Abortion due to haplotype HH4,NC_037328.1:g.1997582A>C,missense,GART,1,ARS-UCD1.3,单个核苷酸改变导致氨基酸改变,1997582,1997583,A>C
"Polled, Celtic",g.[2429327_2429336del;2429109_2429320dupins],complex rearrangement,POLLED,1,ARS-UCD1.2,,2429327,2429337,del
"Polled, Guarani",g.2614828_2724315dup,duplication,POLLED,1,ARS-UCD1.2,序列重复,2614828,2724316,dup
"Polled, Friesian",g.2629113_2709240dup,duplication,POLLED,1,ARS-UCD1.2,序列重复,2629113,2709241,dup
"Polled, Mongolian",g.[2695261_2695267delinsTCTGAA;2695889_2696047dupins],complex rearrangement,POLLED,1,ARS-UCD1.2,,2695261,2695268,del
Deficiency of uridine monophosphate synthase,NC_037328.1:g.69151931C>T,nonsense (stop-gain),UMPS,1,ARS-UCD1.3,,69151931,69151932,C>T
Hepatic fibrinogen storage disease,NC_037328.1:g.81082187C>T,missense,DGKG,1,ARS-UCD1.3,单个核苷酸改变导致氨基酸改变,81082187,81082188,C>T
Fanconi syndrome,NC_037328.1:g.96472797_96472804delinsCATC,"delins, small (<=20)",SLC2A2,1,ARS-UCD1.3,,96472797,96472805,del
Haplotype with homozygous deficiency-HH2,NC_037328.1:g.107172616del,"deletion, small (<=20)",IFT80,1,ARS-UCD1.3,,107172616,107172617,del
"Leukocyte adhesion deficiency, type I",NC_037328.1:g.144770078T>C,missense,ITGB2,1,ARS-UCD1.3,单个核苷酸改变导致氨基酸改变,144770078,144770079,T>C
"Abortion (embryonic lethality), MYH6-related",g.21538917_21538919del,"deletion, small (<=20)",MYH6,10,ARS-UCD1.2,,21538917,21538920,del
Marfan syndrome,NC_037337.1:g.61831200G>A,missense,FBN1,10,ARS-UCD1.3,单个核苷酸改变导致氨基酸改变,61831200,61831201,G>A
Marfan syndrome,g.61917867G>A,splicing,FBN1,10,ARS-UCD1.2,影响RNA剪接位点的变异,61917867,61917868,G>A
Hydrallantois,g.62157819G>A,missense,SLC12A1,10,ARS-UCD1.2,单个核苷酸改变导致氨基酸改变,62157819,62157820,G>A
"Arthrogryposis, lethal syndrome",NC_037337.1:g.79469727G>C,splicing,PIGH,10,ARS-UCD1.3,影响RNA剪接位点的变异,79469727,79469728,G>C
Double-outlet right ventricle,NC_037337.1:g.84751870G>A,missense,NUMB,10,ARS-UCD1.3,单个核苷酸改变导致氨基酸改变,84751870,84751871,G>A
Haplotype HH25 deficiency,g.84938408_84938437del,"deletion, gross (>20)",RIOX1,10,ARS-UCD1.2,,84938408,84938438,del
Spinal dysmyelination,g.14742184G>A,missense,SPAST,11,ARS-UCD1.2,单个核苷酸改变导致氨基酸改变,14742184,14742185,G>A
"Anhidrotic ectodermal dysplasia, EDAR-related",g.44599876_44599877insC,"insertion, small (<=20)",EDAR,11,ARS-UCD1.2,,44599876,44599877,C
"Abortion (embryonic lethality), RPIA-related",NC_037338.1:g.47355110C>T,splicing,RPIA,11,ARS-UCD1.3,影响RNA剪接位点的变异,47355110,47355111,C>T
Abortion due to haplotype NH7,g.72409143T>C,missense,CAD,11,ARS-UCD1.2,单个核苷酸改变导致氨基酸改变,72409143,72409144,T>C
Citrullinaemia,NC_037338.1:g.100781668C>T,nonsense (stop-gain),ASS1,11,ARS-UCD1.3,,100781668,100781669,C>T
"Abortion (embryonic lethality), TTF1",NC_037338.1:g.102463944G>A,nonsense (stop-gain),TTF1,11,ARS-UCD1.3,,102463944,102463945,G>A
"Beta-lactoglobulin, aberrant low expression",g.103255964C>A,regulatory,PAEP,11,ARS-UCD1.2,,103255964,103255965,C>A
Abortion due to haplotype FH4,NC_037339.1:g.11102143A>G,missense,SUGT1,12,ARS-UCD1.3,单个核苷酸改变导致氨基酸改变,11102143,11102144,A>G
Abortion due to deletion of RNASEH2B,g.20100648_20763119del,"deletion, gross (>20)",RNASEH2B,12,UMD3.1,,20100648,20763120,del
Haplotype with homozygous deficiency SH5,g.47511687_47511687insT,"insertion, small (<=20)",DIS3,12,ARS-UCD1.2,,47511687,47511687,T
"Neuronal ceroid lipofuscinosis, 5",g.52112732_52112733insG,"insertion, small (<=20)",CLN5,12,ARS-UCD1.2,,52112732,52112733,G
Frontonasal dysplasia,g.76742067del,"deletion, small (<=20)",ZIC2,12,ARS-UCD1.2,,76742067,76742068,del
"Sperm, short tail",g.24024660del,"deletion, small (<=20)",ARMC3,13,ARS-UCD1.2,,24024660,24024661,del
Infertility,NC_037340.1:g.53957903G>A,nonsense (stop-gain),ABHD16B,13,ARS-UCD1.3,,53957903,53957904,G>A
Caprine-like Generalized Hypoplasia Syndrome,g.64710424C>T,nonsense (stop-gain),CEP250,13,ARS-UCD1.2,,64710424,64710425,C>T
Neuromuscular channelopathy,NC_037340.1:g.78918850C>A,missense,KCNG1,13,ARS-UCD1.3,单个核苷酸改变导致氨基酸改变,78918850,78918851,C>A
Acrodermatitis enteropathica,g.537516G>A,splicing,SLC39A4,14,ARS-UCD1.2,影响RNA剪接位点的变异,537516,537517,G>A
"Abortion (embryonic lethality), EXOSC4",NC_037341.1:g.755826G>A,nonsense (stop-gain),EXOSC4,14,ARS-UCD1.3,,755826,755827,G>A
"Goitre, familial",NC_037341.1:g.8432343G>A,nonsense (stop-gain),TG,14,ARS-UCD1.3,,8432343,8432344,G>A
Retinitis pigmentosa 1,g.22340665_22340666insA,"insertion, small (<=20)",RP1,14,ARS-UCD1.2,,22340665,22340666,A
Neurocristopathy,g.26402250_26402254del,"deletion, small (<=20)",CHD7,14,ARS-UCD1.2,,26402250,26402255,del
Tetradysmelia,g.56451029_56501201delinsTGACAA,"delins, gross (>20)",RSPO2,14,ARS-UCD1.2,,56451029,56501202,del
Achromatopsia,NC_037341.1:g.76011964G>A,missense,CNGB3,14,ARS-UCD1.3,单个核苷酸改变导致氨基酸改变,76011964,76011965,G>A
Abortion due to haplotype JH1,NC_037342.1:g.15449431C>T,nonsense (stop-gain),CWC15,15,ARS-UCD1.3,,15449431,15449432,C>T
Yellow fat,NC_037342.1:g.22552375G>A,nonsense (stop-gain),BCO2,15,ARS-UCD1.3,,22552375,22552376,G>A
Tibial hemimelia,NC_037342.1:g.74384919_74384938dup,duplication,ALX4,15,ARS-UCD1.2,序列重复,74384919,74384939,dup
Syndactyly (mule foot),NC_037342.1:g.76792588C>T,splicing,LRP4,15,ARS-UCD1.3,影响RNA剪接位点的变异,76792588,76792589,C>T
Syndactyly (mule foot),g.76800972_76800973delinsAT,"delins, small (<=20)",LRP4,15,ARS-UCD1.2,,76800972,76800974,del
Syndactyly (mule foot),NC_037342.1:g.76807508C>T,missense,LRP4,15,ARS-UCD1.3,单个核苷酸改变导致氨基酸改变,76807508,76807509,C>T
Syndactyly (mule foot),NC_037342.1:g.76812187C>T,missense,LRP4,15,ARS-UCD1.3,单个核苷酸改变导致氨基酸改变,76812187,76812188,C>T
Abortion due to haplotype HH6,NC_037343.1:g.29020700A>G,start-lost,SDE2,16,ARS-UCD1.3,,29020700,29020701,A>G
Trimethylaminuria (fishy taint),NC_037343.1:g.38666821C>T,nonsense (stop-gain),FMO3,16,ARS-UCD1.3,,38666821,38666822,C>T
Axonopathy,NC_037343.1:g.41686003G>A,splicing,MFN2,16,ARS-UCD1.3,影响RNA剪接位点的变异,41686003,41686004,G>A
Muscle weakness,NC_037343.1:g.79613592C>T,missense,CACNA1S,16,ARS-UCD1.3,单个核苷酸改变导致氨基酸改变,79613592,79613593,C>T
Lethal multi-organ developmental dysplasia,NC_037344.1:g.53761149G>A,missense,KDM2B,17,ARS-UCD1.3,单个核苷酸改变导致氨基酸改变,53761149,53761150,G>A
"Haplotype with homozygous deficiency, RFC5-related",NC_037344.1:g.57188407_57188409del,"deletion, small (<=20)",RFC5,17,ARS-UCD1.3,,57188407,57188410,del
"Ptosis, intellectual disability, retarded growth and mortality (PIRM) syndrome",NC_037344.1:g.63668380C>T,splicing,UBE3B,17,ARS-UCD1.3,影响RNA剪接位点的变异,63668380,63668381,C>T
"Haplotype with homozygous deficiency JBH17, CDC45-related",g.74743512G>T,splicing,CDC45,17,UMD_3.1.1,影响RNA剪接位点的变异,74743512,74743513,G>T
Ichthyosis congenita,g.2205625_2205626insG,"insertion, small (<=20)",FA2H,18,ARS-UCD1.2,,2205625,2205626,G
Multiple ocular defects,g.10567100_10567101insC,"insertion, small (<=20)",WFDC1,18,ARS-UCD1.2,,10567100,10567101,C
Recessive red,NC_037345.1:g.14705638G>A,missense,MC1R,18,ARS-UCD1.3,单个核苷酸改变导致氨基酸改变,14705638,14705639,G>A
Dominant black,NC_037345.1:g.14705671T>C,missense,MC1R,18,ARS-UCD1.3,单个核苷酸改变导致氨基酸改变,14705671,14705672,T>C
Rat-tail syndrome,NC_037345.1:g.14705671T>C,missense,MC1R,18,ARS-UCD1.3,单个核苷酸改变导致氨基酸改变,14705671,14705672,T>C
Recessive red,NC_037345.1:g.14705685del,"deletion, small (<=20)",MC1R,18,ARS-UCD1.3,,14705685,14705686,del
recessive red,NC_037345.1:g.14705799C>T,missense,MC1R,18,ARS-UCD1.3,单个核苷酸改变导致氨基酸改变,14705799,14705800,C>T
Haplotype with homozygous deficiency SH8,NC_037345.1:g.50296371A>T,missense,CYP2B6,18,ARS-UCD1.3,单个核苷酸改变导致氨基酸改变,50296371,50296372,A>T
Maple syrup urine disease,g.50551011C>T,nonsense (stop-gain),BCKDHA,18,ARS-UCD1.2,,50551011,50551012,C>T
Maple syrup urine disease,g.50560242C>T,missense,BCKDHA,18,ARS-UCD1.2,单个核苷酸改变导致氨基酸改变,50560242,50560243,C>T
Cardiomyopathy and woolly haircoat syndrome,g.53013747_53013753dup,duplication,PPP1R13L,18,ARS-UCD1.2,序列重复,53013747,53013754,dup
"Cardiomyopathy, dilated",NC_037345.1:g.53152213G>A,nonsense (stop-gain),OPA3,18,ARS-UCD1.3,,53152213,53152214,G>A
Haplotype with homozygous deficiency BH24,NC_037345.1:g.56098048G>A,missense,CPT1C,18,ARS-UCD1.3,单个核苷酸改变导致氨基酸改变,56098048,56098049,G>A
Abortion due to haplotype HH13,NC_037345.1:g.62758881G>A,nonsense (stop-gain),KIR2DS1,18,ARS-UCD1.3,,62758881,62758882,G>A
Haplotype with homozygous deficiency BH2,g.10833921T>C,missense,TUBD1,19,ARS-UCD1.2,单个核苷酸改变导致氨基酸改变,10833921,10833922,T>C
Haplotype with homozygous deficiency OH4,NC_037346.1:g.15080336_15080341del,"deletion, small (<=20)",LIG3,19,ARS-UCD1.3,,15080336,15080342,del
Progressive ataxia,NC_037346.1:g.26407668C>T,missense,KIF1C,19,ARS-UCD1.3,单个核苷酸改变导致氨基酸改变,26407668,26407669,C>T
Male subfertility,g.27056843C>A,nonsense (stop-gain),TMEM95,19,ARS-UCD1.2,,27056843,27056844,C>A
"Arthrogryposis multiplex congenita, CHRNB1-related",NC_037346.1:g.27122027del,"deletion, small (<=20)",CHRNB1,19,ARS-UCD1.3,,27122027,27122028,del
Abortion due to haplotype MH1,NC_037346.1:g.27895397C>T,missense,PFAS,19,ARS-UCD1.3,单个核苷酸改变导致氨基酸改变,27895397,27895398,C>T
Cleft palate,g.[29609605-29609615del;29609623A>G],"deletion, small (<=20)",MYH3,19,ARS-UCD1.2,,29609623,29609624,A>G
"Osteogenesis imperfecta, type II, COL1A1-related",NC_037346.1:g.36463798G>A,missense,COL1A1,19,ARS-UCD1.3,单个核苷酸改变导致氨基酸改变,36463798,36463799,G>A
"Osteogenesis imperfecta, type II, COL1A1-related",g.36470764_36470767delinsT,"delins, small (<=20)",COL1A1,19,ARS-UCD1.2,,36470764,36470768,del
"Osteogenesis imperfecta, type II, COL1A1-related",NC_037346.1:g.36473359T>A,missense,COL1A1,19,ARS-UCD1.3,单个核苷酸改变导致氨基酸改变,36473359,36473360,T>A
"Osteogenesis imperfecta, type II, COL1A1-related",NC_037346.1:g.36473965G>A,missense,COL1A1,19,ARS-UCD1.3,单个核苷酸改变导致氨基酸改变,36473965,36473966,G>A
de novo mutation in an AI sire,g.36586185G>A,missense,ITGA3,19,ARS-UCD1.2,单个核苷酸改变导致氨基酸改变,36586185,36586186,G>A
Tricho-dento-osseous-like syndrome,g.36665831_36665832insGGAGCACA,"insertion, small (<=20)",DLX3,19,ARS-UCD1.2,,36665831,36665832,GGAGCACA
"Curly hair, karakul-type",NC_037346.1:g.40982250G>C,missense,KRT27,19,ARS-UCD1.3,单个核苷酸改变导致氨基酸改变,40982250,40982251,G>C
Mucopolysaccharidosis IIIB,NC_037346.1:g.42624367G>A,missense,NAGLU,19,ARS-UCD1.3,单个核苷酸改变导致氨基酸改变,42624367,42624368,G>A
Spherocytosis,NC_037346.1:g.44069903G>A,nonsense (stop-gain),SLC4A1,19,ARS-UCD1.3,,44069903,44069904,G>A
"Tail, crooked",NC_037346.1:g.47089627T>G,missense,MRC2,19,ARS-UCD1.3,单个核苷酸改变导致氨基酸改变,47089627,47089628,T>G
"Tail, crooked",g.47095176_47095177del,"deletion, small (<=20)",MRC2,19,ARS-UCD1.2,,47095176,47095178,del
Glycogen storage disease II,NC_037346.1:g.52484973_52484974del,"deletion, small (<=20)",GAA,19,ARS-UCD1.3,,52484973,52484975,del
Glycogen storage disease II,NC_037346.1:g.52488949G>A,nonsense (stop-gain),GAA,19,ARS-UCD1.3,,52488949,52488950,G>A
Glycogen storage disease II,NC_037346.1:g.52492405_52492406del,"deletion, small (<=20)",GAA,19,ARS-UCD1.3,,52492405,52492407,del
"Spermatogenic failure, QRICH2-related",NC_037346.1:g.55436710del,"deletion, small (<=20)",QRICH2,19,ARS-UCD1.3,,55436710,55436711,del
Haplotype with homozygous deficiency OH2,NC_037329.1:g.1268426G>T,missense,TUBGCP5,2,ARS-UCD1.3,单个核苷酸改变导致氨基酸改变,1268426,1268427,G>T
Muscular hypertrophy (double muscling),NC_037329.1:g.6279187T>C,missense,MSTN,2,ARS-UCD1.3,单个核苷酸改变导致氨基酸改变,6279187,6279188,T>C
Muscular hypertrophy (double muscling),NC_037329.1:g.6279278C>A,missense,MSTN,2,ARS-UCD1.3,单个核苷酸改变导致氨基酸改变,6279278,6279279,C>A
Muscular hypertrophy (double muscling),NC_037329.1:g.6279310C>G,missense,MSTN,2,ARS-UCD1.3,单个核苷酸改变导致氨基酸改变,6279310,6279311,C>G
Muscular hypertrophy (double muscling),g.6281243_6281249delinsAAGCATACAA,"delins, small (<=20)",MSTN,2,ARS-UCD1.2,,6281243,6281250,del
Muscular hypertrophy (double muscling),NC_037329.1:g.6281368G>A,missense,MSTN,2,ARS-UCD1.3,单个核苷酸改变导致氨基酸改变,6281368,6281369,G>A
Muscular hypertrophy (double muscling),NC_037329.1:g.6281434C>T,nonsense (stop-gain),MSTN,2,ARS-UCD1.3,,6281434,6281435,C>T
Muscular hypertrophy (double muscling),NC_037329.1:g.6281500G>T,nonsense (stop-gain),MSTN,2,ARS-UCD1.3,,6281500,6281501,G>T
Muscular hypertrophy (double muscling),NC_037329.1:g.6283674_6283684del,"deletion, small (<=20)",MSTN,2,ARS-UCD1.3,,6283674,6283685,del
Muscular hypertrophy (double muscling),NC_037329.1:g.6283727G>T,nonsense (stop-gain),MSTN,2,ARS-UCD1.3,,6283727,6283728,G>T
Muscular hypertrophy (double muscling),NC_037329.1:g.6283794G>A,missense,MSTN,2,ARS-UCD1.3,单个核苷酸改变导致氨基酸改变,6283794,6283795,G>A
"Ehlers-Danlos syndrome, classic type, 2",NC_037329.1:g.7331916G>T,missense,COL5A2,2,ARS-UCD1.3,单个核苷酸改变导致氨基酸改变,7331916,7331917,G>T
"Epidermolysis bullosa, junctional, ITGA6-related",NC_037329.1:g.24112740C>A,splicing,ITGA6,2,ARS-UCD1.3,影响RNA剪接位点的变异,24112740,24112741,C>A
"Polledness, abnormal skull shape, small body stature and subfertility",g.52263360_52263370del,"deletion, small (<=20)",ZEB2,2,ARS-UCD1.2,,52263360,52263371,del
Haplotype with homozygous deficiency BH6,NC_037329.1:g.86191230G>A,missense,MARS2,2,ARS-UCD1.3,单个核苷酸改变导致氨基酸改变,86191230,86191231,G>A
"coat colour, dilution (milca)",NC_037329.1:g.90572569G>C,missense,FZD7,2,ARS-UCD1.3,单个核苷酸改变导致氨基酸改变,90572569,90572570,G>C
"Ichthyosis, ABCA12-related",g.103016791A>G,missense,ABCA12,2,ARS-UCD1.2,单个核苷酸改变导致氨基酸改变,103016791,103016792,A>G
"Ichthyosis, ABCA12-related",NC_037329.1:g.103030489T>C,missense,ABCA12,2,ARS-UCD1.3,单个核苷酸改变导致氨基酸改变,103030489,103030490,T>C
"Ichthyosis, ABCA12-related",g.103043495_103043496insG,"insertion, small (<=20)",ABCA12,2,ARS-UCD1.2,,103043495,103043496,G
Slick hair,NC_037347.1:g.39099113C>G,nonsense (stop-gain),PRLR,20,ARS-UCD1.3,,39099113,39099114,C>G
Slick hair,NC_037347.1:g.39099214del,"deletion, small (<=20)",PRLR,20,ARS-UCD1.3,,39099214,39099215,del
Slick hair,NC_037347.1:g.39099226C>A,nonsense (stop-gain),PRLR,20,ARS-UCD1.3,,39099226,39099227,C>A
Slick hair,NC_037347.1:g.39099228A>T,nonsense (stop-gain),PRLR,20,ARS-UCD1.3,,39099228,39099229,A>T
Slick hair,NC_037347.1:g.39099267C>T,nonsense (stop-gain),PRLR,20,ARS-UCD1.3,,39099267,39099268,C>T
Slick hair,NC_037347.1:g.39099321C>T,nonsense (stop-gain),PRLR,20,ARS-UCD1.3,,39099321,39099322,C>T
"Coat colour, albinism, oculocutaneous type IV",g.39790069G>A,missense,SLC45A2,20,ARS-UCD1.2,单个核苷酸改变导致氨基酸改变,39790069,39790070,G>A
"Coat colour, albinism, oculocutaneous type IV",g.39824417C>T,missense,SLC45A2,20,ARS-UCD1.2,单个核苷酸改变导致氨基酸改变,39824417,39824418,C>T
Bulldog calf,g.20377856C>T,regulatory,ACAN,21,ARS-UCD1.2,,20377856,20377857,C>T
Bulldog calf,g.20422104_20422105insGGCA,"insertion, small (<=20)",ACAN,21,ARS-UCD1.2,,20422104,20422105,GGCA
Brachyspina,g.20773899_20777226del,"deletion, gross (>20)",FANCI,21,ARS-UCD1.2,,20773899,20777227,del
de novo mutation in an AI sire,g.28112913T>C,missense,FAM189A1,21,ARS-UCD1.2,单个核苷酸改变导致氨基酸改变,28112913,28112914,T>C
Haplotype with homozygous deficiency SH9,NC_037348.1:g.42154344C>A,missense,NUBPL,21,ARS-UCD1.3,单个核苷酸改变导致氨基酸改变,42154344,42154345,C>A
Zinc deficiency-like syndrome,g.69352995G>A,nonsense (stop-gain),PLD4,21,ARS-UCD1.2,,69352995,69352996,G>A
Glass-eyed albino,g.31628127_31628129del,"deletion, small (<=20)",MITF,22,ARS-UCD1.2,,31628127,31628130,del
Dominant white with bilateral deafness,NC_037349.1:g.31628131C>A,missense,MITF,22,ARS-UCD1.3,单个核苷酸改变导致氨基酸改变,31628131,31628132,C>A
White coat colour,g.31628133_31628135del,"deletion, small (<=20)",MITF,22,ARS-UCD1.2,,31628133,31628136,del
"Epidermolysis bullosa, dystrophic",g.51301158C>T,nonsense (stop-gain),COL7A1,22,ARS-UCD1.2,,51301158,51301159,C>T
"Arachnomelia, BTA23",g.13837657_13837658del,"deletion, small (<=20)",MOCS1,23,ARS-UCD1.2,,13837657,13837659,del
Hairy,NC_037350.1:g.35332871A>C,missense,PRL,23,ARS-UCD1.3,单个核苷酸改变导致氨基酸改变,35332871,35332872,A>C
"Ichthyosis, DSP-related",NC_037350.1:g.47826600G>T,missense,DSP,23,ARS-UCD1.3,单个核苷酸改变导致氨基酸改变,47826600,47826601,G>T
Factor XIII deficiency,g.48649432T>C,missense,F13A1,23,UMD_3.1.1,单个核苷酸改变导致氨基酸改变,48649432,48649433,T>C
"Xanthinuria, type II",NC_037351.1:g.20911933del,"deletion, small (<=20)",MOCOS,24,ARS-UCD1.3,,20911933,20911934,del
"Xanthinuria, type II",NC_037351.1:g.20936257_20936259del,"deletion, small (<=20)",MOCOS,24,ARS-UCD1.3,,20936257,20936260,del
"Epidermolysis bullosa, junctionalis, LAMA3-related",g.32749369G>A,nonsense (stop-gain),LAMA3,24,ARS-UCD1.2,,32749369,32749370,G>A
Niemann-Pick type C1,NC_037351.1:g.33099467C>G,missense,NPC1,24,ARS-UCD1.3,单个核苷酸改变导致氨基酸改变,33099467,33099468,C>G
Persistent truncus arteriosus,g.34187181T>A,nonsense (stop-gain),GATA6,24,ARS-UCD1.2,,34187181,34187182,T>A
Protoporphyria,NC_037351.1:g.56787697C>A,extension (stop-lost),FECH,24,ARS-UCD1.3,,56787697,56787698,C>A
Spinal muscular atrophy,g.61620302C>T,missense,KDSR,24,ARS-UCD1.2,单个核苷酸改变导致氨基酸改变,61620302,61620303,C>T
Osteopetrosis with gingival hamartomas,g.[1139611G>T; 1139613A>G],missense,CLCN7,25,ARS-UCD1.2,单个核苷酸改变导致氨基酸改变,1139611,1139612,G>T
Congenital muscular dystonia 1,NC_037352.1:g.25933247G>A,missense,ATP2A1,25,ARS-UCD1.3,单个核苷酸改变导致氨基酸改变,25933247,25933248,G>A
"Pseudomyotonia, congenital",NC_037352.1:g.25939141C>A,missense,ATP2A1,25,ARS-UCD1.3,单个核苷酸改变导致氨基酸改变,25939141,25939142,C>A
"Pseudomyotonia, congenital",NC_037352.1:g.25939366C>A,missense,ATP2A1,25,ARS-UCD1.3,单个核苷酸改变导致氨基酸改变,25939366,25939367,C>A
"Pseudomyotonia, congenital",NC_037352.1:g.25940510C>T,missense,ATP2A1,25,ARS-UCD1.3,单个核苷酸改变导致氨基酸改变,25940510,25940511,C>T
"Retinal degeneration, CLN3-realted",NC_037352.1:g.26043843del,"delins, small (<=20)",CLN3,25,ARS-UCD1.3,,26043843,26043844,del
Asthenospermia,g.26880841C>T,splicing,CCDC189,25,ARS-UCD1.2,影响RNA剪接位点的变异,26880841,26880842,C>T
Deficiency of haplotype HH35,NC_037353.1:g.5325675C>G,missense,PCDH15,26,ARS-UCD1.3,单个核苷酸改变导致氨基酸改变,5325675,5325676,C>G
Mandibulofacial dysostosis,g.14404993T>C,missense,CYP26C1,26,ARS-UCD1.2,单个核苷酸改变导致氨基酸改变,14404993,14404994,T>C
"Abortion (embryonic lethality), OBFC1-related",g.24461804_24461805del,"deletion, small (<=20)",OBFC1,26,ARS-UCD1.2,,24461804,24461806,del
Haplotype with homozygous deficiency BH34,NC_037353.1:g.32940521C>G,missense,ACSL5,26,ARS-UCD1.3,单个核苷酸改变导致氨基酸改变,32940521,32940522,C>G
Developmental duplications,NC_037353.1:g.34340886T>C,missense,NHLRC2,26,ARS-UCD1.3,单个核苷酸改变导致氨基酸改变,34340886,34340887,T>C
Forelimb-girdle muscular anomaly,NC_037353.1:g.36627244G>A,nonsense (stop-gain),GFRA1,26,ARS-UCD1.3,,36627244,36627245,G>A
Facial dysplasia syndrome,NC_037353.1:g.41489034C>A,missense,FGFR2,26,ARS-UCD1.3,单个核苷酸改变导致氨基酸改变,41489034,41489035,C>A
Abortion due to haplotype HH7,g.15123637_15123640del,"deletion, small (<=20)",CENPU,27,ARS-UCD1.2,,15123637,15123641,del
Factor XI deficiency,g.16305660delinsATATGTGCAGAATATA,"delins, small (<=20)",F11,27,ARS-UCD1.2,,16305660,16305661,del
Congenital disorder of glycosylation,g.2281801G>A,splicing,GALNT2,28,ARS-UCD1.2,影响RNA剪接位点的变异,2281801,2281802,G>A
Chediak-Higashi syndrome,NC_037355.1:g.8464077T>C,missense,LYST,28,ARS-UCD1.3,单个核苷酸改变导致氨基酸改变,8464077,8464078,T>C
Hypotrichosis,NC_037356.1:g.721234T>A,nonsense (stop-gain),HEPHL1,29,ARS-UCD1.3,,721234,721235,T>A
"Coat colour, albinism",g.6424971_6424972insG,"insertion, small (<=20)",TYR,29,ARS-UCD1.2,,6424971,6424972,G
Congenital muscular dystonia 2,g.24366560A>G,missense,SLC6A5,29,ARS-UCD1.2,单个核苷酸改变导致氨基酸改变,24366560,24366561,A>G
Abortion due to haplotype MH2,NC_037356.1:g.28510651C>T,nonsense (stop-gain),SLC37A2,29,ARS-UCD1.3,,28510651,28510652,C>T
Thrombopathia,NC_037356.1:g.42978791A>G,missense,RASGRP2,29,ARS-UCD1.3,单个核苷酸改变导致氨基酸改变,42978791,42978792,A>G
Glycogen storage disease V,NC_037356.1:g.42989581G>A,nonsense (stop-gain),PYGM,29,ARS-UCD1.3,,42989581,42989582,G>A
Glycogen storage disease V,NC_037356.1:g.42991370G>A,missense,PYGM,29,ARS-UCD1.3,单个核苷酸改变导致氨基酸改变,42991370,42991371,G>A
Dominant red,NC_037330.1:g.9361962C>T,missense,COPA,3,ARS-UCD1.3,单个核苷酸改变导致氨基酸改变,9361962,9361963,C>T
"Dwarfism, Fleckvieh",NC_037330.1:g.15024247del,"deletion, small (<=20)",GON4L,3,ARS-UCD1.3,,15024247,15024248,del
Congenital cataract,NC_037330.1:g.20146737C>T,missense,ADAMTSL4,3,ARS-UCD1.3,单个核苷酸改变导致氨基酸改变,20146737,20146738,C>T
Complex vertebral malformation,NC_037330.1:g.43261945C>A,missense,SLC35A3,3,ARS-UCD1.3,单个核苷酸改变导致氨基酸改变,43261945,43261946,C>A
de novo mutation in an AI sire,NC_037330.1:g.43268369G>T,missense,SLC35A3,3,ARS-UCD1.3,单个核苷酸改变导致氨基酸改变,43268369,43268370,G>T
"Abortion (embryonic lethality), RABGGTB",NC_037330.1:g.69060748T>C,missense,RABGGTB,3,ARS-UCD1.3,单个核苷酸改变导致氨基酸改变,69060748,69060749,T>C
"Dwarfism, proportionate, with inflammatory lesions",NC_037330.1:g.95015373T>C,splicing,RNF11,3,ARS-UCD1.3,影响RNA剪接位点的变异,95015373,95015374,T>C
Growth and respiratory lethal syndrome,g.104701617G>A,missense,EDN2,3,ARS-UCD1.2,单个核苷酸改变导致氨基酸改变,104701617,104701618,G>A
de novo mutation in an AI sire,NC_037330.1:g.116826597G>A,missense,COL6A3,3,ARS-UCD1.3,单个核苷酸改变导致氨基酸改变,116826597,116826598,G>A
"Coat colour, cool gray",NC_037330.1:g.116966611_116966620del,"deletion, small (<=20)",MLPH,3,ARS-UCD1.3,,116966611,116966621,del
"Scurs, type 2",NC_037331.1:g.27819577_27819586dup,duplication,TWIST1,4,ARS-UCD1.3,序列重复,27819577,27819587,dup
Hemifacial microsomia,NC_037331.1:g.49019693G>A,missense,LAMB1,4,ARS-UCD1.3,单个核苷酸改变导致氨基酸改变,49019693,49019694,G>A
Progressive degenerative myeloencephalopathy (Weaver syndrome),NC_037331.1:g.49600585C>T,missense,PNPLA8,4,ARS-UCD1.3,单个核苷酸改变导致氨基酸改变,49600585,49600586,C>T
"Perinatal mortality syndrome, GCK-related",g.77173487A>T,splicing,GCK,4,ARS-UCD1.2,影响RNA剪接位点的变异,77173487,77173488,A>T
Osteopetrosis,g.113638011_113640784del,"deletion, gross (>20)",SLC4A2,4,ARS-UCD1.2,,113638011,113640785,del
Roan,NC_037332.1:18262908G>T,missense,KITLG,5,ARS-UCD1.3,单个核苷酸改变导致氨基酸改变,18262908,18262909,G>T
Bovine lymphocyte intestinal retention defect,NC_037332.1:g.26807079G>A,missense,ITGB7,5,ARS-UCD1.3,单个核苷酸改变导致氨基酸改变,26807079,26807080,G>A
"Hypotrichosis, KRT71-related",NC_037332.1:g.27331221_27331228del,"deletion, small (<=20)",KRT71,5,ARS-UCD1.3,,27331221,27331229,del
"Epidermolysis bullosa, simplex, KRT5-related`",NC_037332.1:g.27367611_27367613del,"deletion, small (<=20)",KRT5,5,ARS-UCD1.3,,27367611,27367614,del
Epidermolysis bullosa,NC_037332.1:g.27371128G>A,missense,KRT5,5,ARS-UCD1.3,单个核苷酸改变导致氨基酸改变,27371128,27371129,G>A
Brachygnathia,NC_037332.1:g.30846510dup,duplication,WNT10B,5,ARS-UCD1.3,序列重复,30846510,30846511,dup
Bulldog calf,NC_037332.1:g.32301746G>A,missense,COL2A1,5,ARS-UCD1.3,单个核苷酸改变导致氨基酸改变,32301746,32301747,G>A
Bulldog calf,g.32301911_32308589del,"deletion, gross (>20)",COL2A1,5,ARS-UCD1.2,,32301911,32308590,del
Bulldog calf,g.32303127_32306640delinsTCTGGGGAGC,"delins, gross (>20)",COL2A1,5,ARS-UCD1.2,,32303127,32306641,del
Bulldog calf,NC_037332.1:g.32303739G>A,missense,COL2A1,5,ARS-UCD1.3,单个核苷酸改变导致氨基酸改变,32303739,32303740,G>A
bulldog calf,NC_037332.1:g.32305226G>A,splicing,COL2A1,5,ARS-UCD1.3,影响RNA剪接位点的变异,32305226,32305227,G>A
Bulldog calf,NC_037332.1:g.32307658G>A,missense,COL2A1,5,ARS-UCD1.3,单个核苷酸改变导致氨基酸改变,32307658,32307659,G>A
Bulldog calf,NC_037332.1:g.32308008G>A,missense,COL2A1,5,ARS-UCD1.3,单个核苷酸改变导致氨基酸改变,32308008,32308009,G>A
Bulldog calf,NC_037332.1:g.32308734G>A,missense,COL2A1,5,ARS-UCD1.3,单个核苷酸改变导致氨基酸改变,32308734,32308735,G>A
"Arachnomelia, BTA5",g.57316723_57316724insG,"insertion, small (<=20)",SUOX,5,ARS-UCD1.2,,57316723,57316724,G
Rat-tail syndrome,g.57345302_57345304del,"deletion, small (<=20)",PMEL,5,ARS-UCD1.2,,57345302,57345305,del
"Coat colour, dilution",g.57345303_57345305del,"deletion, small (<=20)",PMEL,5,ARS-UCD1.3,,57345303,57345306,del
"Coat colour, dilution",NC_037332.1:g.57345315G>A,missense,PMEL,5,ARS-UCD1.3,单个核苷酸改变导致氨基酸改变,57345315,57345316,G>A
Abortion due to a nonsense mutation in APAF1 on haplotype HH1,g.62810245C>T,nonsense (stop-gain),APAF1,5,ARS-UCD1.3,,62810245,62810246,C>T
"Arthrogryposis, distal, type 1B",NC_037332.1:g.65446598T>G,missense,MYBPC1,5,ARS-UCD1.3,单个核苷酸改变导致氨基酸改变,65446598,65446599,T>G
Charcot Marie Tooth disease,NC_037332.1:g.77262490C>T,splicing,FGD4,5,ARS-UCD1.3,影响RNA剪接位点的变异,77262490,77262491,C>T
"Immunodeficiency, IL17Ra-related",NC_037332.1:g.108813252del,"deletion, small (<=20)",IL17RA,5,ARS-UCD1.3,,108813252,108813253,del
"Mannosidosis, beta",NC_037333.1:g.22188765G>A,nonsense (stop-gain),MANBA,6,ARS-UCD1.3,,22188765,22188766,G>A
Neuropathy with splayed forelimbs,g.60158901G>A,missense,UCHL1,6,ARS-UCD1.2,单个核苷酸改变导致氨基酸改变,60158901,60158902,G>A
White spotting,g.70239551_70239590del,"deletion, gross (>20)",KIT,6,ARS-UCD1.2,,70239551,70239591,del
"Haplotype with homozygous deficiency, NOA1-related",NC_037333.1:g.72359797_72359798insG,"insertion, small (<=20)",NOA1A,6,ARS-UCD1.3,,72359797,72359798,G
A2 milk,g.85451298T>G,missense,CSN2,6,ARS-UCD1.2,单个核苷酸改变导致氨基酸改变,85451298,85451299,T>G
Pulmonary hypoplasia and anasarca syndrome,NC_037333.1:g.87462016G>A,missense,ADAMTS3,6,ARS-UCD1.3,单个核苷酸改变导致氨基酸改变,87462016,87462017,G>A
"Lethality, SOWAHB-related",g.91735816G>T,missense,SOWAHB,6,ARS-UCD1.2,单个核苷酸改变导致氨基酸改变,91735816,91735817,G>T
"Dwarfism, Angus",g.95896205G>A,nonsense (stop-gain),PRKG2,6,ARS-UCD1.2,,95896205,95896206,G>A
"Dwarfism, Angus",NC_037333.1:g.95896205G>A,nonsense (stop-gain),PRKG2,6,ARS-UCD1.3,,95896205,95896206,G>A
Chondrodysplasia,NC_037333.1:g.103594013C>T,splicing,EVC2,6,ARS-UCD1.3,影响RNA剪接位点的变异,103594013,103594014,C>T
Chondrodysplasia,g.103609778_103609779delinsG,"delins, small (<=20)",EVC2,6,ARS-UCD1.2,,103609778,103609780,del
Chondrodysplasia,NC_037333.1:g.103651709_103651710del,"deletion, small (<=20)",EVC2,6,ARS-UCD1.3,,103651709,103651711,del
"Chondrodysplasia, disproportionate",NC_037333.1:g.116767863C>A,extension (stop-lost),FGFR3,6,ARS-UCD1.3,,116767863,116767864,C>A
"Ehlers-Danlos syndrome, type VII (Dermatosparaxis)",g.2017035_2017051delinsAGC,"delins, small (<=20)",ADAMTS2,7,ARS-UCD1.2,,2017035,2017052,del
Haplotype with homozygous deficiency BH14,NC_037334.1:g.2996436C>T,nonsense (stop-gain),MRPL55,7,ARS-UCD1.3,,2996436,2996437,C>T
"Cataract, recessive, CPAMD8-related",NC_037334.1:g.6073556C>T,nonsense (stop-gain),CPAMD8,7,ARS-UCD1.3,,6073556,6073557,C>T
"Mannosidosis, alpha",NC_037334.1:g.12840983G>A,missense,MAN2B1,7,ARS-UCD1.3,单个核苷酸改变导致氨基酸改变,12840983,12840984,G>A
"Mannosidosis, alpha",NC_037334.1:g.12842292T>C,missense,MAN2B1,7,ARS-UCD1.3,单个核苷酸改变导致氨基酸改变,12842292,12842293,T>C
Skeletal-cardio-enteric dysplasia,NC_037334.1:g.19923991C>T,missense,MAP2K2,7,ARS-UCD1.3,单个核苷酸改变导致氨基酸改变,19923991,19923992,C>T
de novo mutation in an AI sire,g.44265842G>C,missense,CSNK1G2,7,ARS-UCD1.2,单个核苷酸改变导致氨基酸改变,44265842,44265843,G>C
Myoclonus,NC_037334.1:g.63070074G>T,nonsense (stop-gain),GLRA1,7,ARS-UCD1.3,,63070074,63070075,G>T
Syndrome des veaux tourneurs (Turning calves syndrome),g.109742796C>T,missense,SLC25A46,7,ARS-UCD1.2,单个核苷酸改变导致氨基酸改变,109742796,109742797,C>T
Dun brown,NC_037335.1:g.31633328G>A,missense,TYRP1,8,ARS-UCD1.3,单个核苷酸改变导致氨基酸改变,31633328,31633329,G>A
Perinatal weak calf syndrome,NC_037335.1:g.83909754C>G,missense,IARS,8,ARS-UCD1.3,单个核苷酸改变导致氨基酸改变,83909754,83909755,C>G
"Skeletal dysplasia, FGD3 related",g.85826989_85826990delinsTG,"delins, small (<=20)",FGD3,8,UMD_3.1.1,,85826989,85826991,del
"Abortion (embryonic lethality), RNF20",NC_037335.1:g.91297797A>T,nonsense (stop-gain),RNF20,8,ARS-UCD1.3,,91297797,91297798,A>T
Abortion due to haplotype HH3,NC_037335.1:g.93753358T>C,missense,SMC2,8,ARS-UCD1.3,单个核苷酸改变导致氨基酸改变,93753358,93753359,T>C
"Subfertility, AK9-related",g.40620329A>G,splicing,AK9,9,ARS-UCD1.2,影响RNA剪接位点的变异,40620329,40620330,A>G
Vertebral and spinal dysplasia,NC_037336.1:g.101160274T>C,missense,TBXT,9,ARS-UCD1.3,单个核苷酸改变导致氨基酸改变,101160274,101160275,T>C
Leber optic neuropathy,m.10432T>C,missense,ND4L,M,,单个核苷酸改变导致氨基酸改变,10432,10433,T>C
Haemophilia A,NC_037357.1:g.36017426A>T,missense,F8,X,ARS-UCD1.3,单个核苷酸改变导致氨基酸改变,36017426,36017427,A>T
Haemophilia A,NC_037357.1:g.36145188T>A,missense,F8,X,ARS-UCD1.3,单个核苷酸改变导致氨基酸改变,36145188,36145189,T>A
Hypohidrotic ectodermal dysplasia,g.80382423_80435202del,"deletion, gross (>20)",EDA,X,ARS-UCD1.2,,80382423,80435203,del
Anhidrotic ectodermal dysplasia,NC_037357.1:g.80411671A>C,splicing,EDA,X,ARS-UCD1.3,影响RNA剪接位点的变异,80411671,80411672,A>C
"Hypohidrotic ectodermal dysplasia, X-linked",NC_037357.1:g.80411716T>C,missense,EDA,X,ARS-UCD1.3,单个核苷酸改变导致氨基酸改变,80411716,80411717,T>C
Anhidrotic ectodermal dysplasia,NC_037357.1:g.80411795C>A,splicing,EDA,X,ARS-UCD1.3,影响RNA剪接位点的变异,80411795,80411796,C>A
Anhidrotic ectodermal dysplasia,NC_037357.1:g.80415626G>A,nonsense (stop-gain),EDA,X,ARS-UCD1.3,,80415626,80415627,G>A
"Hypohidrotic ectodermal dysplasia, X-linked",g.80417567C>T,missense,EDA,X,ARS-UCD1.3,单个核苷酸改变导致氨基酸改变,80417567,80417568,C>T
"Anhidrotic ectodermal dysplasia, EDA-related",g.80516615_80538514del,"deletion, gross (>20)",EDA,X,ARS-UCD1.2,,80516615,80538515,del
Anhidrotic ectodermal dysplasia,g.80802800_80802801insCCCT,"insertion, small (<=20)",EDA,X,ARS-UCD1.2,,80802800,80802801,CCCT
Anhidrotic ectodermal dysplasia,NC_037357.1:g.80803015_80803033del,"deletion, small (<=20)",EDA,X,ARS-UCD1.3,,80803015,80803034,del
"Mast cell tumour, congenital",NC_037357.1:g.87216480C>T,missense,PLP2,X,ARS-UCD1.3,单个核苷酸改变导致氨基酸改变,87216480,87216481,C>T
"Hypotrichosis, streaked",g.91964644A>G,splicing,TSR2,X,ARS-UCD1.2,影响RNA剪接位点的变异,91964644,91964645,A>G
